"","estimate/edf","t/F","FDR-corrected p"
"sexM",0.000219465941782577,0.234180525588916,0.83580638117743
"meanfwd",0.0150220360960581,2.68539370069464,0.0247026545005117
"dataset.L",-0.0032595358520535,-4.71177976755074,2.9461999837872e-05
"s(scan_age)",1.00000000048951,14.6272276554211,0.000949778535393649
"s(scan_age):datasetnki",1.00000000025968,9.81575617779703,0.00800028595945301
