"","estimate/edf","t/F","FDR-corrected p"
"sexM",-0.000645224117433233,-0.667519558987636,0.943721510708434
"meanfwd",0.00145271414801657,0.252972094162508,0.933538996739471
"dataset.L",-0.00659705774381255,-9.1955988002698,3.12845677486405e-18
"s(scan_age)",1.0000000003208,2.61281264368744,0.23248115009771
"s(scan_age):datasetnki",1.00000000018565,2.19182784910507,0.909
