"","estimate/edf","t/F","FDR-corrected p"
"sexM",7.21512866637711e-05,0.0706177506426365,0.943721510708434
"meanfwd",-0.00204780271979722,-0.337360108100628,0.933538996739471
"dataset.L",-0.00385541535392854,-5.09461277838351,1.19045042478533e-06
"s(scan_age)",1.00000000032288,0.892402258325615,0.460190087266246
"s(scan_age):datasetnki",1.00000000026585,1.70717712135267,0.909
