"","estimate/edf","t/F","FDR-corrected p"
"sexM",0.000204006644101207,0.311744892306879,0.798278630979031
"meanfwd",0.00626570183729683,1.60428141841155,0.229661779848775
"dataset.L",-0.00342154135615103,-6.97543649755477,1.38052110881413e-10
"s(scan_age)",1.00000000046582,13.3688037694372,0.00156830143230234
"s(scan_age):datasetnki",1.00000000024787,7.97084483113294,0.0177618119360129
