"","estimate/edf","t/F","FDR-corrected p"
"sexM",0.000139344786129477,0.116255790398913,0.943721510708434
"meanfwd",0.0121976598559427,1.71350948555021,0.23212723199816
"dataset.L",0.00056115023899407,0.645132260391496,0.528863218650238
"s(scan_age)",1.34074874001764,4.87857513590533,0.23248115009771
"s(scan_age):datasetnki",1.00000027604294,4.29807899034986,0.909
