"","estimate/edf","t/F","FDR-corrected p"
"sexM",-0.000778145214633424,-0.764965708970966,0.943721510708434
"meanfwd",0.0130592110264665,2.16171006862101,0.123874668529637
"dataset.L",-0.00175292066222554,-2.33534491719683,0.0263981257365926
"s(scan_age)",1.6224908157178,0.512632843834718,0.627076055324039
"s(scan_age):datasetnki",1.82654200485069,0.951105827221786,0.909
