"","estimate/edf","t/F","FDR-corrected p"
"sexM",0.00079628109890175,0.727399148297956,0.584021874671286
"meanfwd",-0.000341923429094903,-0.0524139390767831,0.958213379449152
"dataset.L",0.000322689014658071,0.400524445493812,0.76543208973569
"s(scan_age)",1.68709357270021,3.543600045652,0.0647807540538454
"s(scan_age):datasetnki",1.0000000001932,1.86454542799824,0.284349950523655
