"","estimate/edf","t/F","FDR-corrected p"
"sexM",0.00057307173354657,0.307745564396948,0.798278630979031
"meanfwd",0.0205412017920346,1.84871078012329,0.158531817319089
"dataset.L",-0.00581628417531926,-4.06548062400461,0.000425606721628514
"s(scan_age)",1.00000000043213,3.30202628964516,0.158531817319089
"s(scan_age):datasetnki",1.00000000023148,1.86611008441119,0.284349950523655
