"","estimate/edf","t/F","FDR-corrected p"
"sexM",6.60522585526441e-05,0.777926193073518,0.499224718796393
"meanfwd",1.14383193413194e-05,0.100217433607485,0.943789264571544
"dataset.L",-0.00263085816154232,-29.4086316437936,2.18984831207705e-132
"s(scan_age)",1.00000000020882,4.98511380715241,0.0430282680242157
"s(scan_age):datasetnki",2.03357448313403,2.94652908231958,0.0689225676447643
