"","estimate/edf","t/F","FDR-corrected p"
"sexM",3.99898531517096e-06,0.055561221743906,0.955703967359133
"meanfwd",4.35326805199514e-05,0.448137359842058,0.726849288605259
"dataset.L",-0.00345426183891936,-42.4761269756233,1.24538813141093e-214
"s(scan_age)",1.87987618953362,17.6793277097588,1.10984867129904e-06
"s(scan_age):datasetnki",1.00000000501467,30.0734554457909,0
