"","estimate/edf","t/F","FDR-corrected p"
"sexM",0.000190322472131438,1.75215917768948,0.128151691391241
"meanfwd",0.000325109222671904,2.30736008614963,0.0761881421834956
"dataset.L",-0.00243951740982036,-25.2333762601501,4.51706035118603e-106
"s(scan_age)",2.00208859260841,1.93526533976189,0.590712727776146
"s(scan_age):datasetnki",2.21542101612668,14.9366534952442,0.0148571428571429
