"","estimate/edf","t/F","FDR-corrected p"
"sexM",-5.5083189653152e-05,-1.36281746926654,0.210046394794913
"meanfwd",5.084720925698e-05,0.935368380047962,0.411593878193725
"dataset.L",-0.00339769885038865,-74.3505677128667,0
"s(scan_age)",1.00000000029091,52.6435919680742,0
"s(scan_age):datasetnki",1.00000000014963,11.6645323528355,0.00133200666519873
