"","estimate/edf","t/F","FDR-corrected p"
"sexM",-0.000641662588109734,-3.25514214402102,0.0022411325854626
"meanfwd",0.000961308426192657,3.63394874101097,0.000621634055255441
"dataset.L",-0.00449416354391926,-21.5760156505296,9.90098429446207e-83
"s(scan_age)",1.32152643954322,29.4855418109821,0
"s(scan_age):datasetnki",1.00000000013867,5.03548369983183,0.0430282680242157
