"","estimate/edf","t/F","FDR-corrected p"
"sexM",-0.000207058823609903,-1.88366014100436,0.119880148611964
"meanfwd",0.000514931002792796,3.59949897609133,0.00269296807362441
"dataset.L",-0.00384965064667837,-38.0263997886034,1.38161349409109e-187
"s(scan_age)",1.00000000017207,0.408419311772194,0.836702205375143
"s(scan_age):datasetnki",1.92874570008145,9.00367889610595,0
