"","estimate/edf","t/F","FDR-corrected p"
"sexM",0.00025221664793439,2.20708143165194,0.0735082193866203
"meanfwd",-0.000212019936742085,-1.42442733318069,0.247483164378515
"dataset.L",-0.00322376458555437,-29.1493290591862,3.47861148926906e-131
"s(scan_age)",2.1530343682084,1.18594608891856,0.836702205375143
"s(scan_age):datasetnki",1.00000000301241,10.4408205170422,0
