"","global","Vis","SomMot","DorsAttn","SalVentAttn","Limbic","Cont","Default"
"sex",0.149800709757156,0.0170670459512961,0.0735082193866203,0.128151691391241,0.119880148611964,0.0170670459512961,0.149800709757156,0.149800709757156
"meanfwd",0.362766055046039,0.247483164378515,0.247483164378515,0.0761881421834956,0.00269296807362441,0.0761881421834956,0.362766055046039,0.89066178659448
"dataset",0,1.40136653821024e-133,3.47861148926906e-131,4.51706035118603e-106,1.38161349409109e-187,2.1527504205554e-98,6.07604507021625e-152,3.99505374799956e-229
"scan_age",0.595418269602582,0.877450000846465,0.836702205375143,0.590712727776146,0.836702205375143,0.877450000846465,0.590712727776146,0.877450000846465
"scan_age:dataset",0.074050763316162,0.000354302260035734,0.00314639010272758,1.17157357948372e-06,0.000354302260035734,0.0766792847953148,0.0651443906500685,0.548661701204199
