"","estimate/edf","t/F","FDR-corrected p"
"sexM",-0.00057760895759205,-4.46869631712003,2.09340122431268e-05
"meanfwd",-0.000260328829840161,-1.49409177064676,0.174851970882045
"dataset.L",-0.00509266608059576,-36.3019916223136,2.05370427629367e-176
"s(scan_age)",2.43411746222039,15.6427606452385,0
"s(scan_age):datasetnki",1.0000000000887,1.87268586226056,0.210046394794913
