,Factor1,Factor2
awma_digit_recall_raw_std,0.17895188898281592,0.92450701332624
awma_backward_digit_raw_std,-0.0034796173342276156,0.9443984843661952
tower_total_achievement_raw_std,-0.47966053948538667,-0.023969521346629975
trails_visual_scanning_raw_std,0.7564272283614132,0.014978070617898498
trails_number_letter_switching_raw_std,0.7658638563270105,0.1671324615070834
trails_motor_speed_raw_std,0.7158020220642328,0.03877967645741034
