,Factor1,Factor2
awma_digit_recall_raw_std,-0.019351459298350783,0.8796275232113011
awma_backward_digit_raw_std,-0.19279578529406197,0.8267868048650511
tower_total_achievement_raw_std,-0.5096210033625753,0.015610432906733479
trails_visual_scanning_raw_std,0.7776043568638679,-0.04967955584234808
trails_number_letter_switching_raw_std,0.7617052858632067,-0.17000662994051863
trails_motor_speed_raw_std,0.6820994729623621,-0.15991056646086577
