,Factor1,Factor2,Factor3
conners_inattention_t,0.871874365842397,0.29074861236563165,0.23803007410065644
conners_hyperactivity_impulsivity_t,0.6516167369554736,0.5881785089738739,0.03184208153951755
conners_peer_relations_t,0.3130841418512311,0.24158060593138164,0.900437420344701
conners_learning_problems_t,0.8394413127568783,0.10253865351057874,0.23273528699711907
conners_executive_function_t,0.809417085441855,0.23184645675959306,0.29292949853443817
conners_aggression_t,0.18239553525783528,0.8971160848370668,0.2732642261645704
