,Factor1,Factor2,Factor3
conners_inattention_t,0.8673548246439137,0.30007616835538864,0.2501947854208831
conners_hyperactivity_impulsivity_t,0.6453881103456899,0.5995017356509056,0.04380662752442469
conners_peer_relations_t,0.32657310178783366,0.2473700743905963,0.8944921265639266
conners_learning_problems_t,0.8443652667662773,0.12443425323352074,0.24160715967005442
conners_executive_function_t,0.8125228518741704,0.24026395991807661,0.306651377663971
conners_aggression_t,0.1911717093714915,0.8949141159910103,0.27719251034639114
