"","Estimate/EDF","t/F","FDR-corrected p-value"
"sexM",0.00713302260228211,1.15634159513181,0.530187675273708
"meanfwd",0.114898045510968,12.5611053492771,5.81953936788755e-32
"ti(Factor1)",2.10449851618788,3.34094844174997,0.107773340462313
"ti(scan_age,Factor1)",2.41352917229113,0.987466488306279,0.3376
"ti(Factor2)",2.01609806450365,0.285942216376129,0.702399151513108
"ti(scan_age,Factor2)",1.39178086539264,3.47678961544373,0.102
"ti(scan_age)",1.74142081109068,4.32311879590407,0.0613095091215541
