"","Estimate/EDF","t/F","FDR-corrected p-value"
"sexM",0.011148901589646,1.89854966246308,0.154910375480763
"meanfwd",0.0926644372796933,9.86614912528577,5.47376125845194e-21
"ti(Factor1)",2.43522691949713,13.214981006327,9.45673198804453e-07
"ti(scan_age,Factor1)",1.00024855935986,0.258933455553937,0.99
"ti(Factor2)",1.00049927941362,11.4240579472759,0.000878816807968657
"ti(scan_age,Factor2)",1.30176755962553,0.25415543584892,0.998
"ti(Factor3)",1.57520870313333,4.84520907824477,0.010019340134359
"ti(scan_age,Factor3)",2.92149618122159,2.72318074079897,0.444
"ti(scan_age)",1.57212553150449,0.439635179611636,0.805772651767919
