"","Estimate/EDF","t/F","FDR-corrected p-value"
"sexM",0.0126167341998281,2.17811818128636,0.0595471133030425
"meanfwd",0.0705288702721236,6.87451078696245,1.21682542247765e-10
"ti(Factor1)",1.00001571364291,4.35114605877131,0.0427327285090224
"ti(scan_age,Factor1)",1.00398119337754,1.70801443865123,0.948
"ti(Factor2)",2.29557289733028,31.1980315489797,0
"ti(scan_age,Factor2)",1.59833683346846,10.1099458031601,0.138666666666667
"ti(scan_age)",1.46828628712201,0.476216701379549,0.789270289470944
