"","Estimate/EDF","t/F","FDR-corrected p-value"
"sexM",0.00796147883415483,1.22140490217243,0.530187675273708
"meanfwd",0.112239026467533,12.0136812808051,1.02558726763598e-29
"ti(Factor1)",1.79289926387533,3.34105390613552,0.111465347240439
"ti(scan_age,Factor1)",3.23819210800332,1.37647171184507,0.3376
"ti(Factor2)",2.56398620349086,1.06038889123632,0.306733520510414
"ti(scan_age,Factor2)",2.41710182495069,2.26516446569516,0.102
"ti(scan_age)",1.56499982290489,5.16427844830905,0.0339282087164743
