"","Estimate/EDF","t/F","FDR-corrected p-value"
"sexM",0.0132482001330607,2.25066596081591,0.0990393669952411
"meanfwd",0.0835872663165516,9.11053598156314,2.29569747834828e-18
"ti(Factor1)",2.53917106744313,32.9321469145102,0
"ti(scan_age,Factor1)",1.3895484112245,0.166982795992916,0.99
"ti(Factor2)",1.87188178363322,8.8182459109412,0.000263015979886057
"ti(scan_age,Factor2)",2.04634798336571,0.758787591357537,0.998
"ti(Factor3)",1.00000234797362,13.1671052780488,0.000494188740053492
"ti(scan_age,Factor3)",3.34548561992762,1.9665250822235,0.444
"ti(scan_age)",1.00000056564836,0.143403889095282,0.805772651767919
