"","Estimate/EDF","t/F","FDR-corrected p-value"
"sexM",0.0193897339064552,3.36156135841408,0.00921393265358155
"meanfwd",0.0292551735677016,3.02074757073108,0.0163352005126523
"ti(Factor1)",1.00004274147835,1.15938742336844,0.385679310687649
"ti(scan_age,Factor1)",1.00016279453148,2.2061399685984,0.257496906904437
"ti(Factor2)",1.00000185985659,13.895937214103,0.00590746904907835
"ti(scan_age,Factor2)",1.00139839747816,12.4249870508649,0.00638089839872757
"ti(scan_age)",1.81448366896124,0.476951721533386,0.691781905094793
