"","Estimate/EDF","t/F","FDR-corrected p-value"
"sexM",0.0186032149408931,3.23977394804435,0.0203806104879924
"meanfwd",0.0389180689492169,4.36563627668946,0.00107043220233122
"ti(Factor1)",0.999999894684584,3.05719950382512,0.288791519750321
"ti(scan_age,Factor1)",2.60057620509022,3.52344991869035,0.186989238293211
"ti(Factor2)",1.00000003376425,1.71832392580294,0.454973722087753
"ti(scan_age,Factor2)",2.711851702726,1.66599651496299,0.418044733486819
"ti(Factor3)",1.07060733004087,0.657419751868676,0.519682074010756
"ti(scan_age,Factor3)",0.99999989177788,1.23125196829286,0.501328611754132
"ti(scan_age)",0.999999991663632,0.0487845860425626,0.937060158614993
