"","Estimate/EDF","t/F","FDR-corrected p-value"
"sexM",0.00989914421770082,1.22118010803522,0.429530692672901
"meanfwd",0.0891128956943846,6.80926386415442,2.66934343711738e-11
"ti(Factor1)",2.54623377533594,8.09611668052236,7.99724005737801e-05
"ti(scan_age,Factor1)",1.0000024272576,0.187098273002987,0.993
"ti(Factor2)",2.03219853022908,6.21763144383506,0.00241864455108109
"ti(scan_age,Factor2)",1.00000079656071,0.262896911160192,0.992
"ti(Factor3)",2.01045202855358,4.11464696968684,0.0267520803865638
"ti(scan_age,Factor3)",1.79182415223862,3.36731930969841,0.613714285714286
"ti(scan_age)",1.00000004772964,1.5670418222769,0.515062018703252
