"","Estimate/EDF","t/F","FDR-corrected p-value"
"sexM",0.0124281643701392,1.5557171656035,0.2405746947411
"meanfwd",0.0850691662730641,6.70394184878011,5.23460053855866e-11
"ti(Factor1)",2.59577784944578,15.0516633687494,0
"ti(scan_age,Factor1)",1.00000066538006,1.80171013704564,0.99
"ti(Factor2)",1.00000004550473,19.2639210891684,3.7132935171306e-05
"ti(scan_age,Factor2)",0.999999922349752,0.562765479470859,0.998
"ti(Factor3)",1.0000000187615,8.69141355547005,0.00442360151188089
"ti(scan_age,Factor3)",1.46734616503557,4.91149269172638,0.477333333333333
"ti(scan_age)",1.00000004839267,2.12422944493957,0.646341248047765
