"","Estimate/EDF","t/F","FDR-corrected p-value"
"sexM",0.00493028341156651,0.590882854423844,0.739754420471999
"meanfwd",0.113459929027803,9.11250271786018,1.28233604143979e-18
"ti(Factor1)",2.35206549126585,6.038609130676,0.0583776674781613
"ti(scan_age,Factor1)",3.29192667803359,2.40310934296942,0.232
"ti(Factor2)",2.45768579505442,0.954636360268444,0.306733520510414
"ti(scan_age,Factor2)",1.82257431360477,2.27099952602831,0.182666666666667
"ti(scan_age)",1.55326890220866,1.91983704422799,0.281369995479799
