"","Estimate/EDF","t/F","FDR-corrected p-value"
"sexM",0.0123703338740937,1.54819647874828,0.195337022088742
"meanfwd",0.0602022244136249,4.27750652393127,3.50200600356087e-05
"ti(Factor1)",0.999997870672897,5.16227339743431,0.0312324239224457
"ti(scan_age,Factor1)",0.999989001302532,1.50938267028331,0.948
"ti(Factor2)",2.35597775285851,27.5930044562066,0
"ti(scan_age,Factor2)",2.09859817076706,5.51664979930759,0.2752
"ti(scan_age)",1.00000004117266,1.11920756415656,0.581002096851506
