"","Estimate/EDF","t/F","FDR-corrected p-value"
"sexM",0.014898526557282,1.76499689809074,0.173872227915211
"meanfwd",0.0276842355528382,1.88546761624852,0.15345560319796
"ti(Factor1)",1.00000043859521,2.23724730516267,0.257496906904437
"ti(scan_age,Factor1)",1.000002113602,3.5424160012555,0.15345560319796
"ti(Factor2)",1.9344567280931,3.50198396755802,0.15345560319796
"ti(scan_age,Factor2)",1.00000461853881,7.17520034262007,0.038628344049907
"ti(scan_age)",1.00000013361827,3.92566750211234,0.150333955951802
