"","Estimate/EDF","t/F","FDR-corrected p-value"
"sexM",0.00161341445022865,0.225343565171172,0.821786795266271
"meanfwd",0.137108337651982,13.4354799495366,1.13552025601043e-35
"ti(Factor1)",2.24121427620804,5.04095430649838,0.0757516345446468
"ti(scan_age,Factor1)",2.78801458868639,1.97342810914571,0.3376
"ti(Factor2)",2.72995413298858,3.19100302442882,0.0381339485006108
"ti(scan_age,Factor2)",2.62735096512026,3.28713456695382,0.102
"ti(scan_age)",1.00000068453126,12.5678260883453,0.000844283708257065
