"","Estimate/EDF","t/F","FDR-corrected p-value"
"sexM",0.0126412193646459,2.20976153608155,0.0595471133030425
"meanfwd",0.0565058850964996,5.67906436422352,5.17809530628457e-08
"ti(Factor1)",1.00000003021459,17.3141430530434,9.80997092259924e-05
"ti(scan_age,Factor1)",1.00000054555821,0.627979593485558,0.948
"ti(Factor2)",2.89031688205809,110.71259740639,0
"ti(scan_age,Factor2)",1.91395397222113,6.25317645286974,0.2752
"ti(scan_age)",1.0000000417582,0.399116024636543,0.728226177993003
