"","Estimate/EDF","t/F","FDR-corrected p-value"
"sexM",0.00882624021181661,1.42246167090484,0.248635596018017
"meanfwd",0.103817310439016,10.8053726633367,1.91879986776857e-24
"ti(Factor1)",2.75993759886847,57.0234793070137,0
"ti(scan_age,Factor1)",1.00004202286734,0.00110241945445465,0.99
"ti(Factor2)",1.38067307297962,19.3801416386567,5.72587939196012e-06
"ti(scan_age,Factor2)",1.00001250434539,0.249193295573341,0.998
"ti(Factor3)",1.00000400635387,22.0953974758873,1.4454161471722e-05
"ti(scan_age,Factor3)",1.40436367929779,1.93990277556593,0.502
"ti(scan_age)",1.0000052701872,0.00046903367617123,0.982778518463166
