"","Estimate/EDF","t/F","FDR-corrected p-value"
"sexM",0.0324212393924739,3.94042115167205,0.00326410357161383
"meanfwd",0.0213332831620227,1.63854666125442,0.323388677129994
"ti(Factor1)",0.999999959999379,5.54321688854424,0.169791411077068
"ti(scan_age,Factor1)",1.00000013830122,0.906793047841469,0.519682074010756
"ti(Factor2)",1.00000024980309,1.59604861705281,0.454973722087753
"ti(scan_age,Factor2)",4.09775209543536,1.03616746395316,0.519682074010756
"ti(Factor3)",1.98805721946885,2.30052018250163,0.323388677129994
"ti(scan_age,Factor3)",1.0000005986803,1.81475506978234,0.454973722087753
"ti(scan_age)",1.00000052672326,4.6950791068797,0.180703772997
