"","Estimate/EDF","t/F","FDR-corrected p-value"
"sexM",0.0247475398410012,3.11295530417003,0.0155000781851606
"meanfwd",0.0316058799990541,2.24916053187281,0.0248523756966819
"ti(Factor1)",1.00000015707933,1.83040766847811,0.176572405267639
"ti(scan_age,Factor1)",1.23190391486584,0.0357583725119931,0.949
"ti(Factor2)",2.6427233401029,24.3134021776027,0
"ti(scan_age,Factor2)",1.00000031799017,3.52638779833084,0.693714285714286
"ti(scan_age)",1.00000007736723,0.364624826933655,0.728226177993003
