"","Estimate/EDF","t/F","FDR-corrected p-value"
"sexM",0.0192051309671814,2.40877308891274,0.130389249448847
"meanfwd",0.0615043251054812,4.76815055658762,2.32252471464454e-06
"ti(Factor1)",2.2724932922926,9.02997037368184,7.10001929897786e-05
"ti(scan_age,Factor1)",1.42848507343287,0.269664511070405,0.993
"ti(Factor2)",2.53545633874312,7.71385391129858,0.000268797718339187
"ti(scan_age,Factor2)",0.999994424714711,0.0928984635845011,0.992
"ti(Factor3)",1.49478060408024,0.184254466792077,0.740162903764663
"ti(scan_age,Factor3)",0.999999863013668,2.96491958612386,0.613714285714286
"ti(scan_age)",1.00000007970218,0.982734195448629,0.515062018703252
