"","Estimate/EDF","t/F","FDR-corrected p-value"
"sexM",-0.0025357965060829,-0.357245879315658,0.821786795266271
"meanfwd",0.114159178823434,10.9089370664211,2.48647521818242e-25
"ti(Factor1)",2.36762268923723,5.3027889296711,0.0757516345446468
"ti(scan_age,Factor1)",1.82179014313048,1.7509109739721,0.536
"ti(Factor2)",2.68574204067141,2.38395301434696,0.0878456987705666
"ti(scan_age,Factor2)",2.63518902347329,3.76467137033414,0.102
"ti(scan_age)",1.00000004474502,15.7083411400764,0.000271720473218847
