"","Estimate/EDF","t/F","FDR-corrected p-value"
"sexM",0.0016980614716852,0.259026253218094,0.795701335958756
"meanfwd",0.0808052019128397,7.81396151317362,3.19421710948677e-14
"ti(Factor1)",2.54591009733073,37.153894353192,0
"ti(scan_age,Factor1)",2.15376901495479,1.54781922660795,0.99
"ti(Factor2)",1.00203103998829,15.009878346245,0.000187651415592782
"ti(scan_age,Factor2)",1.00023382104968,0.256270219026418,0.998
"ti(Factor3)",1.00002041462278,19.0640667966655,4.11514057841641e-05
"ti(scan_age,Factor3)",1.00014861165532,1.71402205426113,0.728
"ti(scan_age)",1.00002512618729,1.36931263753044,0.646341248047765
