"","Estimate/EDF","t/F","FDR-corrected p-value"
"sexM",0.00592754845970897,0.947154441067903,0.393061651304292
"meanfwd",0.0436734285715815,3.93980163853202,0.000121086456686515
"ti(Factor1)",1.00000012270874,10.3855012724022,0.00267300811493665
"ti(scan_age,Factor1)",1.00000020803908,2.30418564235253,0.948
"ti(Factor2)",2.75905090281068,64.3809907401433,0
"ti(scan_age,Factor2)",1.00000001763983,4.25687674600402,0.839
"ti(scan_age)",1.0000000523809,3.26445238893673,0.462689352425472
