"","Estimate/EDF","t/F","FDR-corrected p-value"
"sexM",-0.0115347949723409,-1.11544616392833,0.530187675273708
"meanfwd",0.167067148971399,11.0921632842139,5.45582176118997e-26
"ti(Factor1)",2.10406020594898,2.78125605054557,0.107773340462313
"ti(scan_age,Factor1)",1.44263387659929,2.80726512822076,0.513333333333333
"ti(Factor2)",2.69457625499271,3.28136785539433,0.0381339485006108
"ti(scan_age,Factor2)",3.19579889476678,2.92028147197265,0.1376
"ti(scan_age)",1.00000057727669,15.3052822299587,0.000271720473218847
