"","Estimate/EDF","t/F","FDR-corrected p-value"
"sexM",-0.00328698427054042,-0.357901308107876,0.795701335958756
"meanfwd",0.11572974063869,8.12241741874952,3.99361050042761e-15
"ti(Factor1)",2.85243877745659,54.7269343296211,0
"ti(scan_age,Factor1)",1.67882782342254,1.56809101747661,0.896
"ti(Factor2)",1.0000007027229,17.3919670471564,7.05735386535844e-05
"ti(scan_age,Factor2)",1.0000010981334,0.0337228709477821,0.998
"ti(Factor3)",1.00000113764832,17.811440733753,5.68392315798416e-05
"ti(scan_age,Factor3)",1.54626697249243,0.209321429432944,0.728
"ti(scan_age)",1.00000069806155,0.882087962911494,0.69599593041323
