"","Estimate/EDF","t/F","FDR-corrected p-value"
"sexM",0.0017122437555782,0.181073833544581,0.937060158614993
"meanfwd",-0.00455286068002859,-0.301725937774261,0.886021166177453
"ti(Factor1)",2.53229198127277,1.01690665715948,0.454973722087753
"ti(scan_age,Factor1)",1.5228962517597,1.63502017464101,0.519682074010756
"ti(Factor2)",0.999999657702498,0.774639809198113,0.519682074010756
"ti(scan_age,Factor2)",0.999999220708371,0.00891160487313357,0.941933382174926
"ti(Factor3)",0.999999800616696,1.51474369603821,0.463522345072983
"ti(scan_age,Factor3)",0.999999907716239,1.03626646008687,0.519682074010756
"ti(scan_age)",1.00000005129058,0.703171706550366,0.526312950868807
