"","Estimate/EDF","t/F","FDR-corrected p-value"
"sexM",0.00301335834040409,0.365340832271611,0.71498180471987
"meanfwd",0.0446480681427209,3.02762624761746,0.00293410067537657
"ti(Factor1)",1.00000066541546,17.8433257815577,9.80997092259924e-05
"ti(scan_age,Factor1)",0.999999481849537,0.00258676198267481,0.948
"ti(Factor2)",2.85538197566956,109.421084651222,0
"ti(scan_age,Factor2)",2.15326535373903,3.26707254774628,0.578666666666667
"ti(scan_age)",1.00000011355165,2.16020196703512,0.462689352425472
