"","Estimate/EDF","t/F","FDR-corrected p-value"
"sexM",0.0130828376469021,1.35003598275452,0.236667292934222
"meanfwd",0.0985655019161923,5.92353230761412,2.0968780874224e-08
"ti(Factor1)",1.00000018411829,35.2381861513262,0
"ti(scan_age,Factor1)",1.68513186310452,0.274496938203493,0.948
"ti(Factor2)",2.95624024911213,200.925366424714,0
"ti(scan_age,Factor2)",4.03574854868373,2.63319708338431,0.138666666666667
"ti(scan_age)",1.55585535864045,1.30855288152171,0.462689352425472
