"","Estimate/EDF","t/F","FDR-corrected p-value"
"sexM",0.0015624846170508,0.13308876751884,0.961939981319317
"meanfwd",0.206050604724412,11.4991136764987,5.99349102189116e-27
"ti(Factor1)",2.80268556842943,38.6025831951929,0
"ti(scan_age,Factor1)",1.00000585710728,0.0957507593267253,0.993
"ti(Factor2)",2.57450231543407,18.8777794583451,0
"ti(scan_age,Factor2)",1.69135084164022,1.35241183514017,0.992
"ti(Factor3)",2.55403316811223,13.3027318996815,6.7856715801895e-06
"ti(scan_age,Factor3)",1.00000002853757,0.970026409021927,0.613714285714286
"ti(scan_age)",1.00000000473847,1.17707309859539,0.515062018703252
