"","Estimate/EDF","t/F","FDR-corrected p-value"
"sexM",0.0189114645786491,1.80425015787245,0.274867036422924
"meanfwd",0.0315170126412034,1.94474615557261,0.221333292535778
"ti(Factor1)",1.00000029335824,1.33309232223066,0.49740544502589
"ti(scan_age,Factor1)",2.2231130356922,3.89537817103301,0.180703772997
"ti(Factor2)",1.00000190527601,0.796480787894446,0.519682074010756
"ti(scan_age,Factor2)",0.999993936411748,0.788487296356173,0.519682074010756
"ti(Factor3)",1.00000012550627,4.08281395181087,0.196887670612357
"ti(scan_age,Factor3)",1.38408357670334,0.739903719189016,0.519682074010756
"ti(scan_age)",1.000000191082,0.00906485146871493,0.941933382174926
