"","Estimate/EDF","t/F","FDR-corrected p-value"
"sexM",0.00321047792778306,0.276899398069722,0.795701335958756
"meanfwd",0.2055282709384,11.9183817873406,1.03354848102848e-28
"ti(Factor1)",2.66101303249654,87.1887166607972,0
"ti(scan_age,Factor1)",2.03253772123093,0.591863366364147,0.99
"ti(Factor2)",1.45415858930209,26.2399609078126,0
"ti(scan_age,Factor2)",1.00002743347841,0.00483215695156753,0.998
"ti(Factor3)",1.00034063996752,33.0238913999218,0
"ti(scan_age,Factor3)",1.70020195935205,0.174476536201163,0.5824
"ti(scan_age)",1.00001441731232,0.547514420768875,0.735383109911954
