"","Estimate/EDF","t/F","FDR-corrected p-value"
"sexM",-0.0137573353741759,-0.971247189307718,0.530889102828163
"meanfwd",0.265249906593077,13.8517874626216,2.75909826742571e-37
"ti(Factor1)",2.09516662139383,2.22173195788094,0.111465347240439
"ti(scan_age,Factor1)",1.00000327413965,5.38478576218232,0.3376
"ti(Factor2)",2.79026649727328,5.97000675324252,0.00360578497149699
"ti(scan_age,Factor2)",2.95142399224257,2.03056430355428,0.260571428571429
"ti(scan_age)",1.00000003597361,16.9300471016413,0.000271720473218847
