"","estimate/EDF","t/F","FDR-corrected p-value"
"dataset.L",-0.0250770805368692,-4.1766921787122,0.00020142646641619
"meanfwd",0.0532002235955477,4.24520372400015,0.00158832910783067
"sex.L",0.0168547836737894,3.56142065752267,0.67422090581602
"s(scan_age)",2.2330360296555,0.575300212369002,0.67422090581602
"s(scan_age):datasetnki",1.59541382038549,2.50173550965538,0.112129016161264
