"","estimate/EDF","t/F","FDR-corrected p-value"
"dataset.L",0.0187888143161147,3.72996267010524,0.0886909362420216
"meanfwd",0.0235659868936077,2.29315249292967,0.00174880174051735
"sex.L",0.0138759330659882,3.42481046487287,0.380160951858606
"s(scan_age)",2.30729389637358,2.16500619439605,0.380160951858606
"s(scan_age):datasetnki",2.12186818252162,7.24487068495408,0.00688794237444368
