"","estimate/EDF","t/F","FDR-corrected p-value"
"dataset.L",-0.01716533718236,-2.2829976746566,0.169479235055261
"meanfwd",0.028850557076173,1.85860377668554,0.132983793720572
"sex.L",0.00988004671169037,1.64858006849864,0.643616326727104
"s(scan_age)",1.00000000034133,0.65128785134867,0.643616326727104
"s(scan_age):datasetnki",1.00000000015234,9.57927516623623,0.00822388299654686
