"","estimate/EDF","t/F","FDR-corrected p-value"
"dataset.L",0.000787950635965563,0.146329562823448,0.242463665284722
"meanfwd",0.0172879790667672,1.55174245275878,0.00443486919124101
"sex.L",0.0131606541237199,3.07222224932587,0.643616326727104
"s(scan_age)",1.00000000032355,0.808070847648397,0.643616326727104
"s(scan_age):datasetnki",1.18380355821859,4.62114401256656,0.0537617513550315
