"","estimate/EDF","t/F","FDR-corrected p-value"
"dataset.L",0.0689774066387788,10.194823833898,0.723370211092113
"meanfwd",0.00677971538127111,0.477815396059715,0.014658292904578
"sex.L",0.0169550603837793,3.12957475309875,0.946286816990216
"s(scan_age)",1.0000000002433,0.00454241530066892,0.946286816990216
"s(scan_age):datasetnki",1.00000000012435,2.00469882931376,0.2176
