"","estimate/EDF","t/F","FDR-corrected p-value"
"dataset.L",0.0860910419710232,16.5724544239145,0.131508005523673
"meanfwd",0.0180623783790412,1.65399714841458,0.573538752873949
"sex.L",0.00278926987675279,0.67197801294457,0.387144454494026
"s(scan_age)",1.00000000024668,1.82182643495755,0.387144454494026
"s(scan_age):datasetnki",1.00000000754351,1.14581776023643,0.491
