"","estimate/EDF","t/F","FDR-corrected p-value"
"dataset.L",0.156843338426837,24.513486890245,0.823739059736986
"meanfwd",-0.00302314962057653,-0.222832281008016,0.868748015661515
"sex.L",0.0008386440080124,0.165317097571407,0.619479616122551
"s(scan_age)",1.00000002748115,0.447349812455349,0.619479616122551
"s(scan_age):datasetnki",1.82624851217069,2.17783732204687,0.491
