"","estimate/EDF","t/F","FDR-corrected p-value"
"dataset.L",-0.000826211147527249,-0.0887674579587846,0.443719243163312
"meanfwd",0.0191675905967473,1.00929358487913,0.0823064488240309
"sex.L",0.0146223895478248,1.95153443816892,0.643616326727104
"s(scan_age)",1.39681445335744,0.371634602392055,0.643616326727104
"s(scan_age):datasetnki",1.00000000012402,2.70664847605537,0.133913360184954
