"","global","Vis","SomMot","DorsAttn","SalVentAttn","Limbic","Cont","Default"
"dataset",0.901137816703481,0.901137816703481,0.643783583584211,0.0455329529624017,0.901137816703481,0.0245478311662229,0.000270500921823731,0.000836218019937004
"meanfwd",0.239067889758186,0.443719243163312,0.443719243163312,0.169479235055261,0.499398162934165,0.725661052222668,0.00020142646641619,0.0886909362420216
"sex",0.00437569718652371,0.0803231465865479,0.629575411901793,0.132983793720572,0.141408918668767,9.93515282673746e-05,0.00158832910783067,0.00174880174051735
"scan_age",0.67422090581602,0.67422090581602,0.380160951858606,0.67422090581602,0.751842228431486,0.67422090581602,0.67422090581602,0.380160951858606
"scan_age:dataset",0.0426666666666667,0.142666666666667,0.0784,0.0426666666666667,0.746,0.237714285714286,0.052,0.008
